[
{"Process": 1, "Arrival": 0, "Start": 0, "End": 24, "Turnaround": 24, "CPU": 0, "IO": 18, "Waiting": 6, "Cycles": 6},
{"Process": 2, "Arrival": 1, "Start": 24, "End": 44, "Turnaround": 43, "CPU": 23, "IO": 18, "Waiting": 2, "Cycles": 2},
{"Process": 3, "Arrival": 2, "Start": 44, "End": 71, "Turnaround": 69, "CPU": 42, "IO": 12, "Waiting": 15, "Cycles": 15},
{"Process": 4, "Arrival": 3, "Start": 71, "End": 93, "Turnaround": 90, "CPU": 68, "IO": 16, "Waiting": 6, "Cycles": 6},
{"Process": 5, "Arrival": 4, "Start": 93, "End": 120, "Turnaround": 116, "CPU": 89, "IO": 21, "Waiting": 6, "Cycles": 6},
{"Process": 6, "Arrival": 5, "Start": 120, "End": 152, "Turnaround": 147, "CPU": 115, "IO": 24, "Waiting": 8, "Cycles": 8},
{"Process": 7, "Arrival": 6, "Start": 152, "End": 160, "Turnaround": 154, "CPU": 146, "IO": 1, "Waiting": 7, "Cycles": 7},
{"Process": 8, "Arrival": 7, "Start": 160, "End": 188, "Turnaround": 181, "CPU": 153, "IO": 20, "Waiting": 8, "Cycles": 8},
{"Process": 9, "Arrival": 8, "Start": 188, "End": 200, "Turnaround": 192, "CPU": 180, "IO": 9, "Waiting": 3, "Cycles": 3},
{"Process": 10, "Arrival": 9, "Start": 200, "End": 224, "Turnaround": 215, "CPU": 191, "IO": 20, "Waiting": 4, "Cycles": 4},
{"Process": 11, "Arrival": 10, "Start": 224, "End": 242, "Turnaround": 232, "CPU": 214, "IO": 12, "Waiting": 6, "Cycles": 6},
{"Process": 12, "Arrival": 11, "Start": 242, "End": 266, "Turnaround": 255, "CPU": 231, "IO": 22, "Waiting": 2, "Cycles": 2},
{"Process": 13, "Arrival": 12, "Start": 266, "End": 282, "Turnaround": 270, "CPU": 254, "IO": 4, "Waiting": 12, "Cycles": 12},
{"Process": 14, "Arrival": 13, "Start": 282, "End": 330, "Turnaround": 317, "CPU": 269, "IO": 39, "Waiting": 9, "Cycles": 9},
{"Process": 15, "Arrival": 14, "Start": 330, "End": 362, "Turnaround": 348, "CPU": 316, "IO": 28, "Waiting": 4, "Cycles": 4},
{"Process": 16, "Arrival": 15, "Start": 362, "End": 372, "Turnaround": 357, "CPU": 347, "IO": 0, "Waiting": 10, "Cycles": 10},
{"Process": 17, "Arrival": 16, "Start": 372, "End": 391, "Turnaround": 375, "CPU": 356, "IO": 15, "Waiting": 4, "Cycles": 4},
{"Process": 18, "Arrival": 17, "Start": 391, "End": 427, "Turnaround": 410, "CPU": 374, "IO": 32, "Waiting": 4, "Cycles": 4},
{"Process": 19, "Arrival": 18, "Start": 427, "End": 445, "Turnaround": 427, "CPU": 409, "IO": 17, "Waiting": 1, "Cycles": 1},
{"Process": 20, "Arrival": 19, "Start": 445, "End": 508, "Turnaround": 489, "CPU": 426, "IO": 54, "Waiting": 9, "Cycles": 9}]
