[
{"Process": 1, "Arrival": 0, "Start": 0, "End": 35, "Turnaround": 35, "CPU": 0, "IO": 20, "Waiting": 15, "Cycles": 15},
{"Process": 2, "Arrival": 1, "Start": 35, "End": 83, "Turnaround": 82, "CPU": 34, "IO": 40, "Waiting": 8, "Cycles": 8},
{"Process": 3, "Arrival": 2, "Start": 83, "End": 89, "Turnaround": 87, "CPU": 81, "IO": 4, "Waiting": 2, "Cycles": 2},
{"Process": 4, "Arrival": 3, "Start": 89, "End": 125, "Turnaround": 122, "CPU": 86, "IO": 24, "Waiting": 12, "Cycles": 12},
{"Process": 5, "Arrival": 4, "Start": 125, "End": 155, "Turnaround": 151, "CPU": 121, "IO": 18, "Waiting": 12, "Cycles": 12},
{"Process": 6, "Arrival": 5, "Start": 155, "End": 191, "Turnaround": 186, "CPU": 150, "IO": 21, "Waiting": 15, "Cycles": 15},
{"Process": 7, "Arrival": 6, "Start": 191, "End": 235, "Turnaround": 229, "CPU": 185, "IO": 36, "Waiting": 8, "Cycles": 8},
{"Process": 8, "Arrival": 7, "Start": 235, "End": 259, "Turnaround": 252, "CPU": 228, "IO": 12, "Waiting": 12, "Cycles": 12},
{"Process": 9, "Arrival": 8, "Start": 259, "End": 287, "Turnaround": 279, "CPU": 251, "IO": 24, "Waiting": 4, "Cycles": 4},
{"Process": 10, "Arrival": 9, "Start": 287, "End": 335, "Turnaround": 326, "CPU": 278, "IO": 39, "Waiting": 9, "Cycles": 9},
{"Process": 11, "Arrival": 10, "Start": 335, "End": 343, "Turnaround": 333, "CPU": 325, "IO": 1, "Waiting": 7, "Cycles": 7},
{"Process": 12, "Arrival": 11, "Start": 343, "End": 388, "Turnaround": 377, "CPU": 332, "IO": 33, "Waiting": 12, "Cycles": 12},
{"Process": 13, "Arrival": 12, "Start": 388, "End": 408, "Turnaround": 396, "CPU": 376, "IO": 10, "Waiting": 10, "Cycles": 10},
{"Process": 14, "Arrival": 13, "Start": 408, "End": 442, "Turnaround": 429, "CPU": 395, "IO": 28, "Waiting": 6, "Cycles": 6},
{"Process": 15, "Arrival": 14, "Start": 442, "End": 461, "Turnaround": 447, "CPU": 428, "IO": 15, "Waiting": 4, "Cycles": 4}]
