[
{"Process": 1, "Arrival": 0, "Start": 0, "End": 114, "Turnaround": 114, "CPU": 32, "IO": 12, "Waiting": 70, "Preemptions": 32, "Cycles": 4},
{"Process": 2, "Arrival": 1, "Start": 5, "End": 145, "Turnaround": 144, "CPU": 30, "IO": 6, "Waiting": 108, "Preemptions": 59, "Cycles": 3},
{"Process": 3, "Arrival": 2, "Start": 10, "End": 58, "Turnaround": 56, "CPU": 12, "IO": 36, "Waiting": 8, "Preemptions": 10, "Cycles": 0},
{"Process": 4, "Arrival": 3, "Start": 58, "End": 70, "Turnaround": 67, "CPU": 10, "IO": 2, "Waiting": 55, "Preemptions": 22, "Cycles": 0},
{"Process": 5, "Arrival": 4, "Start": 70, "End": 172, "Turnaround": 168, "CPU": 24, "IO": 8, "Waiting": 136, "Preemptions": 84, "Cycles": 2}]
