[
{"Process": 1, "Arrival": 0, "Start": 0, "End": 190, "Turnaround": 190, "CPU": 18, "IO": 6, "Waiting": 166, "Preemptions": 111, "Cycles": 3},
{"Process": 2, "Arrival": 1, "Start": 5, "End": 205, "Turnaround": 204, "CPU": 18, "IO": 2, "Waiting": 184, "Preemptions": 124, "Cycles": 2},
{"Process": 3, "Arrival": 2, "Start": 10, "End": 37, "Turnaround": 35, "CPU": 12, "IO": 15, "Waiting": 8, "Preemptions": 10, "Cycles": 0},
{"Process": 4, "Arrival": 3, "Start": 37, "End": 222, "Turnaround": 219, "CPU": 16, "IO": 6, "Waiting": 197, "Preemptions": 137, "Cycles": 2},
{"Process": 5, "Arrival": 4, "Start": 42, "End": 244, "Turnaround": 240, "CPU": 21, "IO": 6, "Waiting": 213, "Preemptions": 148, "Cycles": 3},
{"Process": 6, "Arrival": 5, "Start": 47, "End": 271, "Turnaround": 266, "CPU": 24, "IO": 8, "Waiting": 234, "Preemptions": 164, "Cycles": 2},
{"Process": 7, "Arrival": 6, "Start": 52, "End": 60, "Turnaround": 54, "CPU": 1, "IO": 7, "Waiting": 46, "Preemptions": 32, "Cycles": 0},
{"Process": 8, "Arrival": 7, "Start": 60, "End": 88, "Turnaround": 81, "CPU": 20, "IO": 8, "Waiting": 53, "Preemptions": 33, "Cycles": 0},
{"Process": 9, "Arrival": 8, "Start": 88, "End": 100, "Turnaround": 92, "CPU": 9, "IO": 3, "Waiting": 80, "Preemptions": 53, "Cycles": 0},
{"Process": 10, "Arrival": 9, "Start": 100, "End": 290, "Turnaround": 281, "CPU": 20, "IO": 4, "Waiting": 257, "Preemptions": 178, "Cycles": 2},
{"Process": 11, "Arrival": 10, "Start": 105, "End": 303, "Turnaround": 293, "CPU": 12, "IO": 6, "Waiting": 275, "Preemptions": 193, "Cycles": 2},
{"Process": 12, "Arrival": 11, "Start": 110, "End": 322, "Turnaround": 311, "CPU": 22, "IO": 2, "Waiting": 287, "Preemptions": 195, "Cycles": 2},
{"Process": 13, "Arrival": 12, "Start": 115, "End": 131, "Turnaround": 119, "CPU": 4, "IO": 12, "Waiting": 103, "Preemptions": 72, "Cycles": 0},
{"Process": 14, "Arrival": 13, "Start": 131, "End": 365, "Turnaround": 352, "CPU": 39, "IO": 9, "Waiting": 304, "Preemptions": 212, "Cycles": 3},
{"Process": 15, "Arrival": 14, "Start": 136, "End": 392, "Turnaround": 378, "CPU": 28, "IO": 4, "Waiting": 346, "Preemptions": 246, "Cycles": 2},
{"Process": 16, "Arrival": 15, "Start": 141, "End": 151, "Turnaround": 136, "CPU": 0, "IO": 10, "Waiting": 126, "Preemptions": 82, "Cycles": 0},
{"Process": 17, "Arrival": 16, "Start": 151, "End": 406, "Turnaround": 390, "CPU": 15, "IO": 4, "Waiting": 371, "Preemptions": 265, "Cycles": 1},
{"Process": 18, "Arrival": 17, "Start": 156, "End": 457, "Turnaround": 440, "CPU": 32, "IO": 4, "Waiting": 404, "Preemptions": 295, "Cycles": 4},
{"Process": 19, "Arrival": 18, "Start": 161, "End": 460, "Turnaround": 442, "CPU": 17, "IO": 1, "Waiting": 424, "Preemptions": 312, "Cycles": 2},
{"Process": 20, "Arrival": 19, "Start": 166, "End": 508, "Turnaround": 489, "CPU": 54, "IO": 9, "Waiting": 426, "Preemptions": 314, "Cycles": 6}]
