[
{"Process": 1, "Arrival": 0, "Start": 0, "End": 156, "Turnaround": 156, "CPU": 45, "IO": 6, "Waiting": 105, "Preemptions": 55, "Cycles": 3},
{"Process": 2, "Arrival": 1, "Start": 5, "End": 41, "Turnaround": 40, "CPU": 12, "IO": 24, "Waiting": 4, "Preemptions": 5, "Cycles": 0},
{"Process": 3, "Arrival": 2, "Start": 41, "End": 201, "Turnaround": 199, "CPU": 40, "IO": 10, "Waiting": 149, "Preemptions": 95, "Cycles": 5},
{"Process": 4, "Arrival": 3, "Start": 46, "End": 224, "Turnaround": 221, "CPU": 20, "IO": 8, "Waiting": 193, "Preemptions": 130, "Cycles": 2},
{"Process": 5, "Arrival": 4, "Start": 51, "End": 64, "Turnaround": 60, "CPU": 5, "IO": 8, "Waiting": 47, "Preemptions": 27, "Cycles": 0},
{"Process": 6, "Arrival": 5, "Start": 64, "End": 252, "Turnaround": 247, "CPU": 18, "IO": 15, "Waiting": 214, "Preemptions": 145, "Cycles": 3},
{"Process": 7, "Arrival": 6, "Start": 69, "End": 325, "Turnaround": 319, "CPU": 72, "IO": 6, "Waiting": 241, "Preemptions": 153, "Cycles": 6},
{"Process": 8, "Arrival": 7, "Start": 74, "End": 100, "Turnaround": 93, "CPU": 8, "IO": 18, "Waiting": 67, "Preemptions": 37, "Cycles": 0},
{"Process": 9, "Arrival": 8, "Start": 100, "End": 356, "Turnaround": 348, "CPU": 27, "IO": 9, "Waiting": 312, "Preemptions": 220, "Cycles": 3},
{"Process": 10, "Arrival": 9, "Start": 105, "End": 375, "Turnaround": 366, "CPU": 14, "IO": 10, "Waiting": 342, "Preemptions": 239, "Cycles": 2}]
