[
{"Process": 1, "Arrival": 0, "Start": 0, "End": 243, "Turnaround": 243, "CPU": 18, "IO": 6, "Waiting": 219, "Preemptions": 219, "Cycles": 0},
{"Process": 2, "Arrival": 1, "Start": 6, "End": 156, "Turnaround": 155, "CPU": 18, "IO": 2, "Waiting": 135, "Preemptions": 135, "Cycles": 0},
{"Process": 3, "Arrival": 2, "Start": 15, "End": 247, "Turnaround": 245, "CPU": 12, "IO": 15, "Waiting": 218, "Preemptions": 218, "Cycles": 0},
{"Process": 4, "Arrival": 3, "Start": 19, "End": 168, "Turnaround": 165, "CPU": 16, "IO": 6, "Waiting": 143, "Preemptions": 143, "Cycles": 0},
{"Process": 5, "Arrival": 4, "Start": 27, "End": 254, "Turnaround": 250, "CPU": 21, "IO": 6, "Waiting": 223, "Preemptions": 223, "Cycles": 0},
{"Process": 6, "Arrival": 5, "Start": 34, "End": 324, "Turnaround": 319, "CPU": 24, "IO": 8, "Waiting": 287, "Preemptions": 287, "Cycles": 2},
{"Process": 7, "Arrival": 6, "Start": 44, "End": 45, "Turnaround": 39, "CPU": 1, "IO": 7, "Waiting": 31, "Preemptions": 31, "Cycles": 0},
{"Process": 8, "Arrival": 7, "Start": 45, "End": 329, "Turnaround": 322, "CPU": 20, "IO": 8, "Waiting": 294, "Preemptions": 294, "Cycles": 0},
{"Process": 9, "Arrival": 8, "Start": 50, "End": 272, "Turnaround": 264, "CPU": 9, "IO": 3, "Waiting": 252, "Preemptions": 252, "Cycles": 0},
{"Process": 10, "Arrival": 9, "Start": 53, "End": 195, "Turnaround": 186, "CPU": 20, "IO": 4, "Waiting": 162, "Preemptions": 162, "Cycles": 0},
{"Process": 11, "Arrival": 10, "Start": 63, "End": 201, "Turnaround": 191, "CPU": 12, "IO": 6, "Waiting": 173, "Preemptions": 173, "Cycles": 0},
{"Process": 12, "Arrival": 11, "Start": 69, "End": 330, "Turnaround": 319, "CPU": 22, "IO": 2, "Waiting": 295, "Preemptions": 295, "Cycles": 2},
{"Process": 13, "Arrival": 12, "Start": 79, "End": 204, "Turnaround": 192, "CPU": 4, "IO": 12, "Waiting": 176, "Preemptions": 176, "Cycles": 0},
{"Process": 14, "Arrival": 13, "Start": 81, "End": 374, "Turnaround": 361, "CPU": 39, "IO": 9, "Waiting": 313, "Preemptions": 313, "Cycles": 3},
{"Process": 15, "Arrival": 14, "Start": 91, "End": 337, "Turnaround": 323, "CPU": 28, "IO": 4, "Waiting": 291, "Preemptions": 291, "Cycles": 2},
{"Process": 16, "Arrival": 15, "Start": 101, "End": 211, "Turnaround": 196, "CPU": 0, "IO": 10, "Waiting": 186, "Preemptions": 186, "Cycles": 0},
{"Process": 17, "Arrival": 16, "Start": 101, "End": 216, "Turnaround": 200, "CPU": 15, "IO": 4, "Waiting": 181, "Preemptions": 181, "Cycles": 1},
{"Process": 18, "Arrival": 17, "Start": 111, "End": 343, "Turnaround": 326, "CPU": 32, "IO": 4, "Waiting": 290, "Preemptions": 290, "Cycles": 2},
{"Process": 19, "Arrival": 18, "Start": 121, "End": 229, "Turnaround": 211, "CPU": 17, "IO": 1, "Waiting": 193, "Preemptions": 193, "Cycles": 1},
{"Process": 20, "Arrival": 19, "Start": 131, "End": 382, "Turnaround": 363, "CPU": 54, "IO": 9, "Waiting": 300, "Preemptions": 300, "Cycles": 3}]
